;headers;counts;probs;NOTprobs
1;-2.6--1.72;2;0,2181;99,7819
2;-1.72--0.84;5;0,5453;99,4547
3;-0.84-0.0400000000000005;374;40,7852;59,2148
4;0.0400000000000005-0.92;118;12,8680;87,1320
5;0.92-1.8;235;25,6270;74,3730
6;1.8-2.68;119;12,9771;87,0229
7;2.68-3.56;44;4,7983;95,2017
8;3.56-4.44;17;1,8539;98,1461
9;4.44-5.32;1;0,1091;99,8910
10;5.32-6.2;2;0,2181;99,7819